"Keyword","Impressions","Clicks","CTR","Avg. Position"
"donating plasma pay","4","0","0%","4.5"
"how much does plasma donation pay","4","0","0%","5.25"
"plasma donation pay","3","0","0%","5.33333333333333"
"csl plasma pay chart 2025","3","0","0%","5.33333333333333"
"how to plump up your veins for plasma donation","3","0","0%","3.33333333333333"
"make $1200 a week donating plasma","2","0","0%","2"
"csl plasma donation pay chart","2","0","0%","10.5"
"plasmaflow   taxable in ca","2","0","0%","1"
"csl plasma payment chart 2025","2","0","0%","4"
"plasma center payout","2","0","0%","6"
"how mich money do.you get from plasma donation","2","0","0%","4"
"csl plasma rates","2","0","0%","6"
"cuanto pagan donaciones de plasma 2025 gcam","2","0","0%","4.5"
"how to increase vein size for plasma donation","2","0","0%","2.5"
"how much do you get paid for donating plasma","2","0","0%","6.5"
"how to donate plasma for money in california bay area","1","0","0%","5"
"can u build your veins for plasma donation","1","0","0%","3"
"paid for donating plasma 800 a month","1","0","0%","2"
"ho much can u make from donating plamsa in nj","1","0","0%","7"
"hiw much is paid per plasma donation","1","0","0%","6"
"pay per plasma donation","1","0","0%","6"
"biolife plasma compensation 2025","1","0","0%","3"
"plasmap ppayment","1","2","200%","2"
"earn money better than donationg olasma","1","0","0%","2"
"plasma pay chart 2025","1","0","0%","6"
"when donating plasma they said i had yellow veins how to make them better","1","1","100%","2"
"how much can you make in one year donating plasma","1","0","0%","2"
"how much can i get paid for donating plasma","1","0","0%","5"
"how much does pladma donation pay","1","0","0%","6"
"how much money can i make donating plasma weekly?","1","0","0%","4"
"how much money donating plasma pays","1","0","0%","7"
"can you make 500 a month donating plasma","1","1","100%","1"
"biolife pays how much per visit cost","1","0","0%","6"
"how much can you make when donating plasma","1","0","0%","6"
"veins red plasma donation","1","0","0%","5"
"plasma place is paying higher near me","1","0","0%","2"
"plasma donation pay ca","1","0","0%","3"
"hoghest psying plasma center i. california","1","1","100%","1"
"average payout of plasma donation","1","0","0%","7"
"plasma pay rate","1","0","0%","4"
"what is the average pay for plasma donation","1","0","0%","7"
"how much can i make yearly selling plasma","1","0","0%","4"
"bay area who pays better octapharmacy or csl plasma","1","0","0%","3"
"how much money can you make from donating plasma","1","0","0%","5"
"biolife plasma pay chart 2025 san antonio tx","1","0","0%","3"
"cuanto pagan por donar plasma","1","0","0%","6"
"donating plasma cost","1","0","0%","7"
